sequence	mass_ref	intensity_threshold	charge_ref	drt	dm	sample_type
YAEAVTR	405.21124	4.00E+06	2	240	5	QC02
TPAQFDADELR	631.80422	1.10E+07	2	240	5	QC02
STLTDSLVC(Carbamidomethyl)K	562.28681	8.00E+06	2	240	5	QC02
SLADELALVDVLEDK	815.43272	7.30E+06	2	240	5	QC02
NPDDITNEEYGEFYK	917.39432	9.80E+06	2	240	5	QC02
LGDLYEEEMR	627.78718	4.90E+06	2	240	5	QC02
LAVDEEENADNNTK	781.35246	3.10E+06	2	240	5	QC02
FEELNMDLFR	657.31336	2.80E+06	2	240	5	QC02
EAALSTALSEK	560.29824	5.50E+06	2	240	5	QC02
DDVAQTDLLQIDPNFGSK	988.484	1.80E+06	2	240	5	QC02
RFPGYDSESK	593.28038	3.40E+06	2	240	5	QC02
EVSTYIK	420.22909	1.70E+07	2	240	5	QC02
EATTEFSVDAR	613.2884	1.70E+06	2	240	5	QC02
FAFQAEVNR	541.2749	1.30E+06	2	240	5	QC02
EQFLDGDGWTSR	705.81786	3.80E+06	2	240	5	QC02
LVNELTEFAK	582.31897	2.45E+06	2	240	5	QC01
HLVDEPQNLIK	653.3617	4.29E+06	2	240	5	QC01
VPQVSTPTLVEVSR	756.42503	2.10E+05	2	240	5	QC01
EAC(Carbamidomethyl)FAVEGPK	554.2606	3.27E+06	2	240	5	QC01
EYEATLEEC(Carbamidomethyl)C(Carbamidomethyl)AK	751.81052	1.74E+06	2	240	5	QC01
EC(Carbamidomethyl)C(Carbamidomethyl)HGDLLEC(Carbamidomethyl)ADDR	583.89236	1.45E+06	3	240	5	QC01
SLHTLFGDELC(Carbamidomethyl)K	710.35048	7.27E+05	2	240	5	QC01
TC(Carbamidomethyl)VADESHAGC(Carbamidomethyl)EK	488.5345	1.12E+05	3	240	5	QC01
YIC(Carbamidomethyl)DNQDTISSK	722.32466	3.12E+06	2	240	5	QC01
NEC(Carbamidomethyl)FLSHK	517.73983	7.37E+05	2	240	5	QC01